{ "about": "RRDtool xport JSON output",

  "meta": {

    "start": 1373562900,

    "step": 300,

    "end": 1373562900,

    "titulo": [

      ""

          ]

     },

  "data": [

    [ 2.7934982292e+01 ],

    [ 2.7752060054e+01 ],

    [ 2.7626460653e+01 ],

    [ 2.7439279415e+01 ],

    [ 2.7252339553e+01 ],

    [ 2.7250000000e+01 ],

    [ 2.7187839928e+01 ],

    [ 2.7001947530e+01 ],

    [ 2.7123643578e+01 ],

    [ 2.7062702426e+01 ],

    [ 2.7124276642e+01 ],

    [ 2.6815821998e+01 ],

    [ 2.6874337428e+01 ],

    [ 2.6751360502e+01 ],

    [ 2.6687725652e+01 ],

    [ 2.6687000000e+01 ],

    [ 2.6687000000e+01 ],

    [ 2.6625790908e+01 ],

    [ 2.6378304335e+01 ],

    [ 2.6375000000e+01 ],

    [ 2.6436343799e+01 ],

    [ 2.6313401888e+01 ],

    [ 2.6250706799e+01 ],

    [ 2.6187763809e+01 ],

    [ null  ]

  ]

}

